{
  "dataset": "arrhythmia_real_patients",
  "seed": 10,
  "test_ratio": 0.1,
  "n_clients": 48,
  "labels": [
    "0",
    "1",
    "2",
    "3",
    "4"
  ],
  "real_histogram": {
    "0": 90472,
    "1": 2775,
    "2": 7229,
    "3": 802,
    "4": 8027
  },
  "test_histogram": {
    "0": 9052,
    "1": 274,
    "2": 723,
    "3": 80,
    "4": 802
  },
  "true_histogram": {
    "0": 81420,
    "1": 2501,
    "2": 6506,
    "3": 722,
    "4": 7225
  },
  "clients_per_round": 16,
  "gamma": 0.3333333333333333,
  "n_rounds": 10,
  "sampling_with_replacement": true,
  "count_client_once": true,
  "clipping_threshold": 1200,
  "clipping_method": "uniform_with_replacement",
  "epsilon": 4.0,
  "failure_rate": 0.0,
  "n_trials": 30,
  "client_size_stats": {
    "min": 1363,
    "max": 3023,
    "mean": 2049.4583333333335,
    "std": 402.47396180443224
  },
  "coverage_first_trial": [
    16,
    29,
    34,
    39,
    41,
    43,
    45,
    45,
    45,
    47
  ],
  "within_round_unique_first_trial": true,
  "picked_ids_file_trial_1": "/Users/paolocacace/Repos/MICCAI_paper/MICCAI_balanced_FL/Histogram_estimation/results/arrhythmia_real_22rounds/picked_ids_used_for_estimate_seed10.json",
  "picked_ids_trial_1": [
    [
      47,
      29,
      6,
      32,
      14,
      40,
      7,
      11,
      17,
      43,
      24,
      10,
      39,
      19,
      45,
      44
    ],
    [
      12,
      36,
      21,
      31,
      34,
      20,
      6,
      41,
      10,
      16,
      35,
      27,
      30,
      23,
      33,
      32
    ],
    [
      7,
      14,
      18,
      11,
      15,
      29,
      1,
      36,
      35,
      27,
      30,
      19,
      17,
      3,
      38,
      33
    ],
    [
      1,
      45,
      22,
      15,
      17,
      46,
      13,
      12,
      20,
      7,
      31,
      28,
      39,
      27,
      0,
      47
    ],
    [
      8,
      1,
      32,
      0,
      33,
      31,
      12,
      27,
      15,
      5,
      3,
      18,
      21,
      43,
      41,
      23
    ],
    [
      26,
      5,
      7,
      23,
      18,
      6,
      38,
      9,
      29,
      14,
      32,
      30,
      45,
      35,
      3,
      20
    ],
    [
      12,
      33,
      21,
      35,
      43,
      22,
      3,
      15,
      4,
      28,
      29,
      38,
      37,
      18,
      44,
      19
    ],
    [
      22,
      34,
      36,
      5,
      38,
      0,
      1,
      45,
      14,
      27,
      13,
      3,
      30,
      21,
      39,
      6
    ],
    [
      24,
      40,
      31,
      34,
      9,
      1,
      3,
      5,
      7,
      26,
      14,
      39,
      43,
      13,
      41,
      19
    ],
    [
      44,
      35,
      6,
      0,
      15,
      11,
      12,
      47,
      8,
      42,
      24,
      9,
      7,
      2,
      13,
      22
    ]
  ],
  "metrics": {
    "kl_divergence": {
      "mean": 0.0564116864004941,
      "ci_lower": 0.01324849575625657,
      "ci_upper": 0.09957487704473163,
      "std": 0.1136502671546472,
      "n_valid": 30
    },
    "tv_distance": {
      "mean": 0.01777095146053378,
      "ci_lower": 0.014902096934137934,
      "ci_upper": 0.02063980598692963,
      "std": 0.007553799394490208,
      "n_valid": 30
    },
    "l1_error": {
      "mean": 41642.86666666667,
      "ci_lower": 41190.60237515714,
      "ci_upper": 42095.130958176196,
      "std": 1190.8284996402947,
      "n_valid": 30
    },
    "mean_relative_error": {
      "mean": 0.45939470019681866,
      "ci_lower": 0.42717803729506854,
      "ci_upper": 0.4916113630985688,
      "std": 0.08482765733871733,
      "n_valid": 30
    }
  },
  "sample_estimate_trial_1": {
    "0": 46406,
    "1": 750,
    "2": 3231,
    "3": 196,
    "4": 4632
  },
  "outputs": {
    "clients_csv": "/Users/paolocacace/Repos/MICCAI_paper/MICCAI_balanced_FL/Histogram_estimation/results/arrhythmia_real_22rounds/arrhythmia_clients_real.csv",
    "size_histogram_png": "/Users/paolocacace/Repos/MICCAI_paper/MICCAI_balanced_FL/Histogram_estimation/results/arrhythmia_real_22rounds/arrhythmia_clients_samples_hist.png",
    "stacked_counts_png": "/Users/paolocacace/Repos/MICCAI_paper/MICCAI_balanced_FL/Histogram_estimation/results/arrhythmia_real_22rounds/arrhythmia_clients_stacked_counts.png",
    "stacked_proportions_png": "/Users/paolocacace/Repos/MICCAI_paper/MICCAI_balanced_FL/Histogram_estimation/results/arrhythmia_real_22rounds/arrhythmia_clients_stacked_proportions.png",
    "results_json": "/Users/paolocacace/Repos/MICCAI_paper/MICCAI_balanced_FL/Histogram_estimation/results/arrhythmia_real_22rounds/arrhythmia_real_22rounds_results.json"
  }
}