{
  "dataset": "Arrythmia_1D",
  "test": {
    "feature_mean": {
      "count": 10931,
      "max": 2.911686897277832,
      "mean": -0.3158061944498937,
      "min": -5.099733829498291,
      "std": 0.304750130928432
    },
    "feature_std": {
      "count": 10931,
      "max": 1.613919734954834,
      "mean": 0.29507018148274733,
      "min": 0.042236100882291794,
      "std": 0.16319646194209794
    },
    "features": 300,
    "label_distribution": {
      "0": 9048,
      "1": 277,
      "2": 723,
      "3": 80,
      "4": 803
    },
    "samples": 10931
  },
  "train": {
    "feature_mean": {
      "count": 98374,
      "max": 4.531414985656738,
      "mean": -0.3178136596785509,
      "min": -4.921518325805664,
      "std": 0.29975889298018304
    },
    "feature_std": {
      "count": 98374,
      "max": 3.1225578784942627,
      "mean": 0.294247892663621,
      "min": 0.012656616047024727,
      "std": 0.1620675470405927
    },
    "features": 300,
    "label_distribution": {
      "0": 81424,
      "1": 2498,
      "2": 6506,
      "3": 722,
      "4": 7224
    },
    "samples": 98374
  }
}