{
  "dataset": "arrhythmia_real",
  "seed": 10,
  "n_clients": 48,
  "labels": [
    "0",
    "1",
    "2",
    "3",
    "4"
  ],
  "true_histogram": {
    "0": 81420,
    "1": 2501,
    "2": 6506,
    "3": 722,
    "4": 7225
  },
  "clients_per_round": 16,
  "gamma": 0.3333333333333333,
  "alpha": 0.9,
  "target_cohort": 44,
  "trigger_round_R_star": 5,
  "n_rounds": 6,
  "clipping_threshold": 1200,
  "clipping_method": "uniform_with_replacement",
  "epsilon": 1,
  "failure_rate": 0.0,
  "n_trials": 30,
  "client_size_stats": {
    "min": 1363,
    "max": 3023,
    "mean": 2049.4583333333335
  },
  "coverage_first_trial": [
    16,
    27,
    34,
    38,
    44,
    45
  ],
  "metrics": {
    "kl_divergence": {
      "mean": 0.13588685086549812,
      "ci_lower": 0.04083173715545527,
      "ci_upper": 0.23094196457554098,
      "std": 0.25028360754429047,
      "n_valid": 30
    },
    "tv_distance": {
      "mean": 0.057690358890123236,
      "ci_lower": 0.04786691781511095,
      "ci_upper": 0.06751379996513551,
      "std": 0.025865481348564978,
      "n_valid": 30
    },
    "l1_error": {
      "mean": 45199.433333333334,
      "ci_lower": 44088.622647173375,
      "ci_upper": 46310.24401949329,
      "std": 2924.8053574364376,
      "n_valid": 30
    },
    "mean_relative_error": {
      "mean": 0.5910374933898347,
      "ci_lower": 0.5166755128009523,
      "ci_upper": 0.6653994739787171,
      "std": 0.19579782759186393,
      "n_valid": 30
    }
  },
  "sample_estimate_trial_1": {
    "0": 44608,
    "1": 702,
    "2": 1029,
    "3": 520,
    "4": 4134
  },
  "picked_ids_source": "/Users/rtaiello/projects/MICCAI_balanced_FL/Histogram_estimation/results/arrhythmia_real/picked_ids_1000_rounds_seed10.json",
  "test_ratio": 0.1
}